City_ID,City,Country,Date,Lat,Lng,Max Temp,Humidity,Cloudiness,Wind Speed,Current Description
0,New Norfolk,AU,2022-09-03 20:11:37,-42.7826,147.0587,42.93,81,53,2.57,broken clouds
1,Marsh Harbour,BS,2022-09-03 20:14:45,26.5412,-77.0636,84.36,66,100,10.98,overcast clouds
2,Qaanaaq,GL,2022-09-03 20:15:54,77.484,-69.3632,38.82,96,100,9.24,light rain
3,Barrow,US,2022-09-03 20:15:54,71.2906,-156.7887,39.22,93,100,8.05,overcast clouds
4,Olafsvik,IS,2022-09-03 20:15:54,64.8945,-23.7142,49.42,72,100,6.67,overcast clouds
5,Strathmore,CA,2022-09-03 20:15:08,51.0501,-113.3852,91.87,24,0,9.22,clear sky
6,La Ronge,CA,2022-09-03 20:15:55,55.1001,-105.2842,89.82,19,40,12.66,scattered clouds
7,Georgetown,MY,2022-09-03 20:13:27,5.4112,100.3354,80.53,93,20,2.3,thunderstorm
8,Krasnokamensk,RU,2022-09-03 20:15:55,50.0979,118.0369,56.37,71,100,3.65,overcast clouds
9,Ushuaia,AR,2022-09-03 20:12:27,-54.8,-68.3,37.06,93,100,6.91,light rain
10,Tiksi,RU,2022-09-03 20:15:56,71.6872,128.8694,35.22,80,100,16.26,overcast clouds
11,Albany,US,2022-09-03 20:11:18,42.6001,-73.9662,81.68,58,100,1.01,overcast clouds
12,Port Elizabeth,ZA,2022-09-03 20:11:18,-33.918,25.5701,59.31,90,75,5.75,broken clouds
13,Punta Arenas,CL,2022-09-03 20:12:54,-53.15,-70.9167,44.71,70,40,25.32,scattered clouds
14,Port Hardy,CA,2022-09-03 20:15:57,50.6996,-127.4199,62.78,88,75,4.61,broken clouds
15,Cidreira,BR,2022-09-03 20:15:57,-30.1811,-50.2056,55.81,67,90,13.4,overcast clouds
16,Butaritari,KI,2022-09-03 20:15:58,3.0707,172.7902,80.92,80,33,16.33,light rain
17,Nikolskoye,RU,2022-09-03 20:15:58,59.7035,30.7861,48.79,93,16,5.44,few clouds
18,Samarai,PG,2022-09-03 20:15:58,-10.6167,150.6667,80.4,81,1,9.01,clear sky
19,Vaini,TO,2022-09-03 20:15:59,-21.2,-175.2,73.56,73,40,4.61,scattered clouds
20,Khani,GE,2022-09-03 20:15:59,41.9563,42.9566,69.37,31,55,3.06,broken clouds
21,Kodiak,US,2022-09-03 20:15:59,57.79,-152.4072,56.71,67,100,4.61,overcast clouds
22,Sao Joao Da Barra,BR,2022-09-03 20:13:00,-21.6403,-41.0511,77.09,80,0,18.32,clear sky
23,Port Alfred,ZA,2022-09-03 20:16:00,-33.5906,26.891,58.17,90,0,13.94,clear sky
24,Saskylakh,RU,2022-09-03 20:16:00,71.9167,114.0833,35.01,76,100,14.07,overcast clouds
25,Foumban,CM,2022-09-03 20:16:01,5.7291,10.9001,63.27,94,98,2.66,moderate rain
26,Mataura,NZ,2022-09-03 20:16:01,-46.1927,168.8643,41.49,95,100,14.0,overcast clouds
27,Bucsa,HU,2022-09-03 20:16:02,47.2,21.0,61.02,74,33,6.6,scattered clouds
28,Boda,CF,2022-09-03 20:16:02,4.3189,17.4695,68.56,94,100,1.81,overcast clouds
29,Saint-Philippe,RE,2022-09-03 20:16:03,-21.3585,55.7679,65.79,80,36,11.34,light rain
30,Shwebo,MM,2022-09-03 20:16:03,22.5667,95.7,82.47,73,46,10.63,scattered clouds
31,Bocaiuva,BR,2022-09-03 20:16:03,-17.1078,-43.815,85.71,17,0,2.75,clear sky
32,Naryan-Mar,RU,2022-09-03 20:16:04,67.6713,53.087,40.84,95,100,16.84,light rain
33,Vila Franca Do Campo,PT,2022-09-03 20:16:04,37.7167,-25.4333,72.01,76,54,5.57,broken clouds
34,Dikson,RU,2022-09-03 20:16:05,73.5069,80.5464,38.7,76,0,8.95,clear sky
35,Karasjok,NO,2022-09-03 20:16:05,69.4719,25.5112,43.29,70,100,10.98,overcast clouds
36,Lebu,CL,2022-09-03 20:16:06,-37.6167,-73.65,53.28,71,0,18.39,clear sky
37,Itarare,BR,2022-09-03 20:16:06,-24.1125,-49.3317,60.46,92,99,7.14,overcast clouds
38,Aklavik,CA,2022-09-03 20:16:06,68.2191,-135.0107,53.6,87,100,9.22,overcast clouds
39,Kapaa,US,2022-09-03 20:16:07,22.0752,-159.319,82.38,76,54,7.0,broken clouds
40,Rikitea,PF,2022-09-03 20:16:07,-23.1203,-134.9692,70.72,66,78,26.46,broken clouds
41,Erdenet,MN,2022-09-03 20:16:07,49.0333,104.0833,34.86,92,100,5.41,overcast clouds
42,Ribeira Grande,PT,2022-09-03 20:16:08,38.5167,-28.7,75.6,60,20,4.61,few clouds
43,Teguise,ES,2022-09-03 20:16:08,29.0605,-13.564,71.82,78,20,12.66,few clouds
44,Turukhansk,RU,2022-09-03 20:16:09,65.8167,87.9833,49.33,60,100,15.82,overcast clouds
45,Cape Town,ZA,2022-09-03 20:17:06,-33.9258,18.4232,55.9,78,0,5.99,clear sky
46,Fayaoue,NC,2022-09-03 20:17:09,-20.65,166.5333,75.4,75,96,14.7,overcast clouds
47,Pevek,RU,2022-09-03 20:12:17,69.7008,170.3133,31.24,96,100,13.33,light snow
48,Thompson,CA,2022-09-03 20:13:14,55.7435,-97.8558,73.56,46,40,14.97,scattered clouds
49,Leh,IN,2022-09-03 20:17:10,34.1667,77.5833,59.65,44,89,5.5,overcast clouds
50,Nome,US,2022-09-03 20:17:11,64.5011,-165.4064,50.11,81,40,9.22,scattered clouds
51,Derzhavinsk,KZ,2022-09-03 20:17:11,51.1,66.3167,70.88,69,15,10.33,few clouds
52,Pisco,PE,2022-09-03 20:17:12,-13.7,-76.2167,67.01,72,5,8.05,clear sky
53,Hermanus,ZA,2022-09-03 20:17:12,-34.4187,19.2345,47.8,83,1,6.29,clear sky
54,Bubaque,GW,2022-09-03 20:17:12,11.2833,-15.8333,78.8,82,93,18.01,light rain
55,Ust-Kuyga,RU,2022-09-03 20:17:13,70.0167,135.6,35.64,97,100,3.38,overcast clouds
56,Itarema,BR,2022-09-03 20:17:13,-2.9248,-39.9167,80.6,73,31,18.45,scattered clouds
57,Yerofey Pavlovich,RU,2022-09-03 20:17:14,53.9667,121.9667,51.91,98,87,4.9,overcast clouds
58,Petrozavodsk,RU,2022-09-03 20:17:14,61.7849,34.3469,45.86,93,100,8.95,light intensity drizzle
59,Mahon,ES,2022-09-03 20:17:14,39.8885,4.2658,81.16,89,20,9.22,few clouds
60,Jamestown,US,2022-09-03 20:15:17,42.097,-79.2353,82.18,58,20,7.0,few clouds
61,Kerema,PG,2022-09-03 20:17:15,-7.9631,145.7785,76.68,88,58,2.82,broken clouds
62,Provideniya,RU,2022-09-03 20:12:17,64.3833,-173.3,47.59,89,100,5.19,overcast clouds
63,Sovetskiy,RU,2022-09-03 20:17:16,61.3614,63.5842,43.3,84,22,9.24,few clouds
64,Formosa,AR,2022-09-03 20:17:16,-26.1775,-58.1781,67.98,32,0,16.11,clear sky
65,Hithadhoo,MV,2022-09-03 20:17:16,-0.6,73.0833,81.09,70,50,16.58,scattered clouds
66,Bengkulu,ID,2022-09-03 20:17:17,-3.8004,102.2655,72.86,89,100,4.0,overcast clouds
67,Castro,BR,2022-09-03 20:17:17,-24.7911,-50.0119,57.29,96,100,6.38,overcast clouds
68,Hobart,AU,2022-09-03 20:16:26,-42.8794,147.3294,43.27,88,75,10.36,broken clouds
69,Hilo,US,2022-09-03 20:15:44,19.7297,-155.09,87.28,74,20,6.91,few clouds
70,Sosnovo,RU,2022-09-03 20:17:18,60.5514,30.2144,45.81,84,74,8.3,broken clouds
71,Kiunga,PG,2022-09-03 20:17:18,-6.1219,141.2906,72.61,100,82,1.21,moderate rain
72,Viedma,AR,2022-09-03 20:17:19,-40.8135,-62.9967,76.93,11,0,19.93,clear sky
73,Alamosa,US,2022-09-03 20:17:19,37.4695,-105.87,76.98,27,0,3.44,clear sky
74,Namibe,AO,2022-09-03 20:17:20,-15.1961,12.1522,63.81,88,61,3.18,broken clouds
75,Bredasdorp,ZA,2022-09-03 20:17:20,-34.5322,20.0403,49.98,91,1,5.03,clear sky
76,Amapa,BR,2022-09-03 20:17:20,1.0,-52.0,81.77,63,100,5.64,overcast clouds
77,Diamantino,BR,2022-09-03 20:15:44,-14.4086,-56.4461,95.02,20,5,8.32,clear sky
78,Broome,US,2022-09-03 20:17:21,42.2506,-75.833,82.45,65,20,4.61,few clouds
79,Saint George,US,2022-09-03 20:16:56,37.1041,-113.5841,103.78,18,0,1.99,clear sky
80,Airai,TL,2022-09-03 20:17:21,-8.9266,125.4092,57.54,88,8,2.82,clear sky
81,Lazi,UA,2022-09-03 20:17:22,48.0667,24.2333,54.16,98,100,2.59,overcast clouds
82,Kahului,US,2022-09-03 20:17:22,20.8947,-156.47,84.22,75,40,17.27,light rain
83,Upernavik,GL,2022-09-03 20:17:23,72.7868,-56.1549,42.26,97,100,10.78,light rain
84,Palmer,US,2022-09-03 20:17:01,42.1584,-72.3287,82.06,46,75,8.05,broken clouds
85,Mar Del Plata,AR,2022-09-03 20:17:23,-38.0023,-57.5575,68.02,32,0,18.41,clear sky
86,Alyangula,AU,2022-09-03 20:17:24,-13.8483,136.4192,72.16,58,4,19.01,clear sky
87,Mareeba,AU,2022-09-03 20:17:24,-17.0,145.4333,63.32,81,10,3.13,clear sky
88,Moerai,PF,2022-09-03 20:17:24,-22.4333,-151.3333,74.25,81,100,15.08,overcast clouds
89,Komsomolskiy,UZ,2022-09-03 20:17:25,40.4272,71.7189,70.52,35,0,9.22,clear sky
90,Maykor,RU,2022-09-03 20:18:25,59.0059,55.88,43.54,89,16,11.25,few clouds
91,Ratnagiri,IN,2022-09-03 20:18:26,16.9833,73.3,79.14,90,63,3.58,broken clouds
92,Rawson,AR,2022-09-03 20:18:26,-43.3002,-65.1023,71.15,19,0,16.51,clear sky
93,Alofi,NU,2022-09-03 20:18:26,-19.0595,-169.9187,76.89,65,40,14.97,scattered clouds
94,Carnarvon,AU,2022-09-03 20:18:27,-24.8667,113.6333,66.24,76,0,14.09,clear sky
95,Buraydah,SA,2022-09-03 20:16:39,26.326,43.975,88.25,10,0,3.85,clear sky
96,Awbari,LY,2022-09-03 20:18:27,26.5921,12.7805,90.1,17,0,15.68,clear sky
97,Sri Aman,MY,2022-09-03 20:18:28,1.2376,111.4621,73.45,100,100,0.0,overcast clouds
98,Sao Jose Da Coroa Grande,BR,2022-09-03 20:18:28,-8.8978,-35.1478,76.06,72,59,9.46,broken clouds
99,Dese,ET,2022-09-03 20:18:28,11.1333,39.6333,52.38,88,89,5.06,light rain
100,Voh,NC,2022-09-03 20:18:29,-20.9667,164.7,69.58,84,53,6.06,broken clouds
101,Antofagasta,CL,2022-09-03 20:18:29,-23.65,-70.4,58.28,68,19,7.36,few clouds
102,Rocha,UY,2022-09-03 20:15:26,-34.4833,-54.3333,53.28,63,0,6.6,clear sky
103,Nouadhibou,MR,2022-09-03 20:18:30,20.931,-17.0347,82.38,74,64,14.97,broken clouds
104,Arraial Do Cabo,BR,2022-09-03 20:18:30,-22.9661,-42.0278,69.76,88,20,17.27,few clouds
105,Omaruru,NA,2022-09-03 20:18:31,-21.4333,15.9333,64.58,43,3,5.41,clear sky
106,Katsuura,JP,2022-09-03 20:18:31,35.1333,140.3,76.6,89,100,6.17,overcast clouds
107,Plouzane,FR,2022-09-03 20:18:31,48.3833,-4.6167,66.38,82,100,18.41,overcast clouds
108,Ganzhou,CN,2022-09-03 20:18:32,28.8184,115.4327,73.83,49,100,4.14,overcast clouds
109,Faya,SA,2022-09-03 20:18:32,18.3851,42.4509,71.71,41,100,5.03,overcast clouds
110,Bourail,NC,2022-09-03 20:18:32,-21.5667,165.4833,69.04,84,8,7.34,clear sky
111,Ligayan,PH,2022-09-03 20:18:33,4.6533,119.4706,83.34,73,87,3.83,overcast clouds
112,Avarua,CK,2022-09-03 20:18:33,-21.2078,-159.775,77.05,88,75,13.8,broken clouds
113,Kailua,US,2022-09-03 20:18:34,21.4022,-157.7394,82.38,81,35,1.01,scattered clouds
114,Mahebourg,MU,2022-09-03 20:18:34,-20.4081,57.7,69.26,88,40,4.61,scattered clouds
115,San Quintin,MX,2022-09-03 20:18:34,30.4833,-115.95,93.27,38,100,16.78,overcast clouds
116,Busselton,AU,2022-09-03 20:18:35,-33.65,115.3333,53.71,85,68,10.02,broken clouds
117,Bluff,NZ,2022-09-03 20:18:35,-46.6,168.3333,41.81,78,93,39.17,light rain
118,Rehoboth,NA,2022-09-03 20:18:35,-23.3167,17.0833,65.97,29,0,10.94,clear sky
119,Pudozh,RU,2022-09-03 20:18:36,61.8099,36.5345,45.93,95,100,8.01,overcast clouds
120,Jiaojiang,CN,2022-09-03 20:18:36,28.6803,121.4428,78.01,96,100,11.27,overcast clouds
121,Tura,IN,2022-09-03 20:18:36,25.5198,90.2201,74.53,97,100,4.29,moderate rain
122,Vila,PT,2022-09-03 20:18:37,42.0304,-8.1588,56.28,87,14,4.88,few clouds
123,Mandera,KE,2022-09-03 20:18:37,3.9366,41.867,81.46,47,100,23.91,overcast clouds
124,Kaeo,NZ,2022-09-03 20:18:37,-35.1,173.7833,58.32,95,100,7.09,overcast clouds
125,Champerico,GT,2022-09-03 20:18:38,14.3,-91.9167,86.54,75,100,14.38,overcast clouds
126,Phangnga,TH,2022-09-03 20:18:38,8.4509,98.5298,80.64,95,96,3.49,moderate rain
127,Puerto Ayora,EC,2022-09-03 20:18:39,-0.7393,-90.3518,73.36,90,100,8.01,overcast clouds
128,Price,US,2022-09-03 20:18:23,39.5994,-110.8107,94.12,9,0,4.61,clear sky
129,Ostrovnoy,RU,2022-09-03 20:18:39,68.0531,39.5131,45.61,81,100,27.18,light rain
130,Almaznyy,RU,2022-09-03 20:18:40,48.0448,40.045,62.24,31,95,14.36,overcast clouds
131,Sao Filipe,CV,2022-09-03 20:18:40,14.8961,-24.4956,80.62,77,79,1.66,light rain
132,Kuryk,KZ,2022-09-03 20:18:40,43.2,51.65,85.55,20,0,11.52,clear sky
133,Esperance,AU,2022-09-03 20:18:41,-33.8667,121.9,53.13,80,100,17.09,moderate rain
134,Bilibino,RU,2022-09-03 20:18:41,68.0546,166.4372,29.26,80,13,3.67,few clouds
135,Safford,US,2022-09-03 20:19:42,32.834,-109.7076,95.92,23,0,23.02,clear sky
136,East London,ZA,2022-09-03 20:19:42,-33.0153,27.9116,63.32,76,2,11.63,clear sky
137,Praia Da Vitoria,PT,2022-09-03 20:19:43,38.7333,-27.0667,74.75,78,40,7.58,scattered clouds
138,Ancud,CL,2022-09-03 20:19:43,-41.8697,-73.8203,55.22,79,31,6.76,scattered clouds
139,Tuktoyaktuk,CA,2022-09-03 20:19:43,69.4541,-133.0374,57.2,77,100,6.91,overcast clouds
140,Chokurdakh,RU,2022-09-03 20:19:44,70.6333,147.9167,35.76,89,100,8.99,overcast clouds
141,Gorno-Altaysk,RU,2022-09-03 20:19:44,51.9561,85.955,54.01,77,4,5.28,clear sky
142,Baykit,RU,2022-09-03 20:19:44,61.67,96.37,42.31,81,100,1.9,overcast clouds
143,Nizwa,OM,2022-09-03 20:19:45,22.9333,57.5333,80.02,59,3,3.94,clear sky
144,Vestmannaeyjar,IS,2022-09-03 20:19:45,63.4427,-20.2734,51.73,80,100,1.86,overcast clouds
145,Agadez,NE,2022-09-03 20:19:45,19.75,10.25,95.05,16,1,10.33,clear sky
146,Geraldton,AU,2022-09-03 20:19:46,-28.7667,114.6,55.81,94,100,10.36,fog
147,Khash,IR,2022-09-03 20:19:46,28.2211,61.2158,74.43,9,0,4.72,clear sky
148,Seoul,KR,2022-09-03 20:19:46,37.5683,126.9778,72.97,64,100,6.91,overcast clouds
149,Veinticinco De Mayo,AR,2022-09-03 20:19:47,-35.4323,-60.1727,69.98,23,0,1.99,clear sky
150,Bambous Virieux,MU,2022-09-03 20:19:47,-20.3428,57.7575,70.21,88,40,4.61,light rain
151,Pancas,BR,2022-09-03 20:19:48,-19.225,-40.8514,82.22,35,0,3.42,clear sky
152,Ponta Delgada,PT,2022-09-03 20:19:48,37.7333,-25.6667,72.32,73,20,8.05,few clouds
153,Matagami,CA,2022-09-03 20:19:48,49.7502,-77.6328,53.71,62,40,19.57,scattered clouds
154,Anadyr,RU,2022-09-03 20:19:49,64.75,177.4833,50.5,93,40,8.95,scattered clouds
155,Tuatapere,NZ,2022-09-03 20:19:49,-46.1333,167.6833,42.84,87,99,19.91,overcast clouds
156,Felanitx,ES,2022-09-03 20:19:49,39.4696,3.1483,83.01,61,100,11.54,overcast clouds
157,Santa Rosa,PH,2022-09-03 20:19:45,14.3122,121.1114,78.78,98,100,6.82,overcast clouds
158,Norman Wells,CA,2022-09-03 20:19:50,65.282,-126.8329,69.84,43,75,9.22,broken clouds
159,Chuy,UY,2022-09-03 20:19:50,-33.6971,-53.4616,52.39,67,0,7.09,clear sky
160,Mpika,ZM,2022-09-03 20:19:09,-11.8343,31.4529,60.37,49,17,4.52,few clouds
161,Kaseda,JP,2022-09-03 20:17:11,31.4167,130.3167,79.5,82,97,14.94,overcast clouds
162,Padang,ID,2022-09-03 20:19:51,-0.9492,100.3543,75.67,81,100,3.04,light rain
163,Sisimiut,GL,2022-09-03 20:19:52,66.9395,-53.6735,46.47,82,100,11.32,overcast clouds
164,Besuki,ID,2022-09-03 20:19:52,-7.7338,113.6979,78.24,82,7,4.03,clear sky
165,Rongcheng,CN,2022-09-03 20:19:52,30.634,117.8517,72.0,93,100,4.25,overcast clouds
166,Tautira,PF,2022-09-03 20:19:53,-17.7333,-149.15,76.89,78,53,15.39,light rain
167,Ouro Preto Do Oeste,BR,2022-09-03 20:19:53,-10.7481,-62.2158,99.39,17,65,8.37,broken clouds
168,Belmonte,BR,2022-09-03 20:19:53,-15.8631,-38.8828,74.17,71,6,9.95,clear sky
169,Zurrieq,MT,2022-09-03 20:19:54,35.8311,14.4742,81.97,77,3,8.37,clear sky
170,Manokwari,ID,2022-09-03 20:19:54,-0.8667,134.0833,77.61,72,60,4.23,broken clouds
171,Longyearbyen,SJ,2022-09-03 20:15:48,78.2186,15.6401,44.44,87,75,21.85,light rain
172,Port Macquarie,AU,2022-09-03 20:19:55,-31.4333,152.9167,60.69,67,100,17.27,overcast clouds
173,Karakol,KG,2022-09-03 20:19:55,42.4907,78.3936,56.12,32,0,3.65,clear sky
174,Buala,SB,2022-09-03 20:19:55,-8.145,159.5921,78.89,81,90,5.93,light rain
175,Atuona,PF,2022-09-03 20:19:56,-9.8,-139.0333,77.16,66,25,21.5,scattered clouds
176,Laguna,US,2022-09-03 20:15:56,38.421,-121.4238,102.63,26,0,8.05,clear sky
177,Shelburne,CA,2022-09-03 20:15:07,44.0787,-80.2041,87.76,50,54,6.02,broken clouds
178,Fukue,JP,2022-09-03 20:19:56,32.6881,128.8419,80.91,80,100,14.72,overcast clouds
179,Bandarbeyla,SO,2022-09-03 20:19:57,9.4942,50.8122,76.73,80,5,27.51,clear sky
180,Andenes,NO,2022-09-03 20:19:57,69.3143,16.1194,48.18,76,2,23.02,clear sky
181,Canarana,BR,2022-09-03 20:19:57,-11.6847,-41.7689,80.28,38,18,12.57,few clouds
182,Susuman,RU,2022-09-03 20:20:58,62.7833,148.1667,32.81,84,100,2.06,overcast clouds
183,Pyapon,MM,2022-09-03 20:20:58,16.2833,95.6833,79.63,85,100,5.19,overcast clouds
184,Cherskiy,RU,2022-09-03 20:20:58,68.75,161.3,35.17,96,100,7.11,overcast clouds
185,Sitka,US,2022-09-03 20:18:10,57.0531,-135.33,62.49,72,40,4.61,scattered clouds
186,Medicine Hat,CA,2022-09-03 20:20:01,50.0501,-110.6683,99.03,16,100,13.8,overcast clouds
187,Paamiut,GL,2022-09-03 20:20:59,61.994,-49.6678,41.2,95,100,8.05,overcast clouds
188,Leningradskiy,RU,2022-09-03 20:21:00,69.3833,178.4167,33.91,77,42,20.29,scattered clouds
189,Kavaratti,IN,2022-09-03 20:21:00,10.5669,72.642,80.78,82,80,18.21,broken clouds
190,Luderitz,NA,2022-09-03 20:21:00,-26.6481,15.1594,54.7,80,0,6.31,clear sky
191,Sooke,CA,2022-09-03 20:21:01,48.3746,-123.7276,73.38,63,32,14.97,scattered clouds
192,Labuhan,ID,2022-09-03 20:21:01,-6.8844,112.2051,77.54,79,96,11.95,overcast clouds
193,Delesti,RO,2022-09-03 20:21:01,46.7,27.55,50.94,93,97,4.59,overcast clouds
194,Muroto,JP,2022-09-03 20:21:02,33.2833,134.15,79.83,81,63,8.86,broken clouds
195,Sorland,NO,2022-09-03 20:21:02,67.667,12.6934,51.66,67,5,6.93,clear sky
196,Payakumbuh,ID,2022-09-03 20:21:03,-0.2202,100.6308,67.82,88,100,3.76,light rain
197,Mufulira,ZM,2022-09-03 20:21:03,-12.5498,28.2407,68.13,44,14,6.38,few clouds
198,Lethem,GY,2022-09-03 20:21:04,3.3803,-59.7968,85.12,69,79,2.35,broken clouds
199,Port Hedland,AU,2022-09-03 20:21:04,-20.3167,118.5667,59.05,100,100,4.61,fog
200,Asfi,MA,2022-09-03 20:19:13,32.2994,-9.2372,70.43,79,0,18.37,clear sky
201,Te Anau,NZ,2022-09-03 20:21:04,-45.4167,167.7167,41.11,85,100,10.18,overcast clouds
202,Hami,CN,2022-09-03 20:21:05,42.8,93.45,73.04,24,0,6.73,clear sky
203,Clyde River,CA,2022-09-03 20:21:05,70.4692,-68.5914,43.03,87,100,10.36,overcast clouds
204,Kangaatsiaq,GL,2022-09-03 20:21:06,68.3065,-53.4641,42.46,89,100,12.28,overcast clouds
205,Vestmanna,FO,2022-09-03 20:21:06,62.1564,-7.1664,52.72,66,3,3.44,clear sky
206,Victoria,HK,2022-09-03 20:17:17,22.2855,114.1577,85.32,63,70,15.01,broken clouds
207,Nanortalik,GL,2022-09-03 20:21:07,60.1432,-45.2371,45.3,78,100,12.26,overcast clouds
208,Araouane,ML,2022-09-03 20:21:07,18.9048,-3.5265,97.75,26,83,5.86,broken clouds
209,Meadow Lake,US,2022-09-03 20:21:08,34.8014,-106.5436,88.66,30,0,11.81,clear sky
210,Pacifica,US,2022-09-03 20:21:08,37.6138,-122.4869,94.14,69,0,18.41,clear sky
211,Husavik,IS,2022-09-03 20:21:08,66.0449,-17.3389,50.32,94,100,5.77,overcast clouds
212,El Vigia,VE,2022-09-03 20:21:09,8.6219,-71.6506,90.25,59,62,3.49,broken clouds
213,Macheng,CN,2022-09-03 20:21:09,31.1783,115.0319,69.96,55,84,7.0,broken clouds
214,Margate,GB,2022-09-03 20:21:09,51.3813,1.3862,66.69,81,97,1.99,overcast clouds
215,Rapid City,US,2022-09-03 20:19:13,44.0805,-103.231,93.72,31,0,18.41,clear sky
216,Ha Giang,VN,2022-09-03 20:21:10,22.8333,104.9833,76.96,99,100,1.54,light rain
217,Great Yarmouth,GB,2022-09-03 20:21:10,52.6083,1.7305,68.41,82,79,10.29,broken clouds
218,Necochea,AR,2022-09-03 20:21:11,-38.5473,-58.7368,63.27,44,0,11.43,clear sky
219,Chingirlau,KZ,2022-09-03 20:21:11,51.095,54.0814,55.96,35,5,8.97,clear sky
220,Kalundborg,DK,2022-09-03 20:21:12,55.6795,11.0886,62.94,70,46,19.66,scattered clouds
221,Mount Gambier,AU,2022-09-03 20:21:12,-37.8333,140.7667,46.33,86,95,5.06,overcast clouds
222,Grindavik,IS,2022-09-03 20:21:12,63.8424,-22.4338,49.95,100,100,6.91,fog
223,Kosino,RU,2022-09-03 20:21:13,58.4127,51.2782,43.54,75,7,9.93,clear sky
224,Ponta Do Sol,PT,2022-09-03 20:21:13,32.6667,-17.1,74.71,93,44,2.1,scattered clouds
225,Beringovskiy,RU,2022-09-03 20:21:13,63.05,179.3167,52.66,71,100,6.33,overcast clouds
226,Comodoro Rivadavia,AR,2022-09-03 20:21:14,-45.8667,-67.5,64.26,34,0,24.16,clear sky
227,Gamba,GA,2022-09-03 20:22:14,-2.65,10.0,73.87,82,43,9.22,scattered clouds
228,Lata,PT,2022-09-03 20:22:15,40.1629,-8.3327,56.71,87,0,3.04,clear sky
229,Kemijarvi,FI,2022-09-03 20:22:16,66.7131,27.4306,42.91,68,100,10.71,overcast clouds
230,Muros,ES,2022-09-03 20:22:16,42.7762,-9.0603,65.08,80,80,11.54,broken clouds
231,San Patricio,US,2022-09-03 20:22:16,28.017,-97.5169,85.06,63,100,12.1,overcast clouds
232,Bulgan,MN,2022-09-03 20:22:17,48.8125,103.5347,36.73,88,97,3.36,overcast clouds
233,Salalah,OM,2022-09-03 20:22:17,17.0151,54.0924,77.09,88,100,6.91,overcast clouds
234,Naze,JP,2022-09-03 20:22:17,28.3667,129.4833,81.52,87,100,27.2,moderate rain
235,Saint-Joseph,RE,2022-09-03 20:22:18,-21.3667,55.6167,64.78,77,18,10.96,few clouds
236,Narsaq,GL,2022-09-03 20:22:18,60.9167,-46.05,50.22,95,100,3.44,light rain
237,Dudinka,RU,2022-09-03 20:22:19,69.4058,86.1778,41.92,73,100,9.44,overcast clouds
238,Molina De Segura,ES,2022-09-03 20:22:19,38.0546,-1.2076,80.71,65,18,1.99,few clouds
239,Fortuna,US,2022-09-03 20:22:20,40.5982,-124.1573,73.92,74,20,17.27,few clouds
240,Awjilah,LY,2022-09-03 20:22:20,29.1081,21.2869,85.53,41,0,13.65,clear sky
241,Iqaluit,CA,2022-09-03 20:22:21,63.7506,-68.5145,41.7,93,100,6.91,light rain
242,Eydhafushi,MV,2022-09-03 20:22:21,5.1033,73.0708,79.84,83,91,17.63,overcast clouds
243,Panama City,PA,2022-09-03 20:18:24,8.9936,-79.5197,85.95,77,40,8.05,thunderstorm
244,Birao,CF,2022-09-03 20:22:22,10.2849,22.7882,71.49,97,10,5.12,clear sky
245,Souillac,MU,2022-09-03 20:22:22,-20.5167,57.5167,68.38,88,40,4.61,light rain
246,Hasaki,JP,2022-09-03 20:22:22,35.7333,140.8333,73.29,88,100,6.29,overcast clouds
247,Kisangani,CD,2022-09-03 20:22:23,0.5167,25.2,68.54,96,25,0.72,scattered clouds
248,Fairview,US,2022-09-03 20:21:33,40.8126,-73.999,83.77,58,0,11.5,clear sky
249,Dunedin,NZ,2022-09-03 20:22:24,-45.8742,170.5036,48.79,52,52,7.0,broken clouds
250,Luanda,AO,2022-09-03 20:22:24,-8.8368,13.2343,73.4,83,0,2.3,clear sky
251,Msowero,TZ,2022-09-03 20:22:24,-6.5333,37.2,69.82,66,9,5.57,clear sky
252,Vardo,NO,2022-09-03 20:22:25,70.3705,31.1107,42.78,81,100,20.71,overcast clouds
253,Torbat-E Jam,IR,2022-09-03 20:22:25,35.244,60.6225,74.21,14,0,16.31,clear sky
254,Khatanga,RU,2022-09-03 20:22:26,71.9667,102.5,31.53,83,42,5.44,scattered clouds
255,Qiongshan,CN,2022-09-03 20:22:26,20.0058,110.3542,76.98,88,43,4.47,scattered clouds
256,Payo,ID,2022-09-03 20:22:26,-3.7508,103.6372,71.22,90,100,1.74,overcast clouds
257,General Roca,AR,2022-09-03 20:22:27,-39.0333,-67.5833,75.81,8,0,10.56,clear sky
258,Nacala,MZ,2022-09-03 20:22:27,-14.5428,40.6728,69.73,83,0,5.03,clear sky
259,Roald,NO,2022-09-03 20:22:28,62.5833,6.1333,59.76,87,75,8.05,broken clouds
260,Kaitangata,NZ,2022-09-03 20:22:28,-46.2817,169.8464,41.52,94,100,19.57,overcast clouds
261,Yellowknife,CA,2022-09-03 20:22:28,62.456,-114.3525,68.52,52,40,15.01,scattered clouds
262,Mayo,US,2022-09-03 20:22:29,38.8876,-76.5119,88.21,58,0,10.36,clear sky
263,Koshekhabl,RU,2022-09-03 20:22:29,44.8972,40.5119,78.12,50,5,6.06,clear sky
264,Capitan Bado,PY,2022-09-03 20:22:29,-23.2667,-55.5333,62.55,57,100,5.97,overcast clouds
265,Ahipara,NZ,2022-09-03 20:22:30,-35.1667,173.1667,57.24,92,100,4.29,overcast clouds
266,Klaksvik,FO,2022-09-03 20:22:30,62.2266,-6.589,54.52,89,4,13.09,clear sky
267,Nabire,ID,2022-09-03 20:22:31,-3.3667,135.4833,76.06,91,100,3.44,overcast clouds
268,Lensk,RU,2022-09-03 20:23:31,60.7253,114.9278,33.93,99,47,2.3,scattered clouds
269,Tual,ID,2022-09-03 20:23:32,-5.6667,132.75,80.85,81,98,20.78,overcast clouds
270,Mahina,PF,2022-09-03 20:23:32,-17.5065,-149.489,82.17,57,20,10.36,few clouds
271,Wanning,CN,2022-09-03 20:23:32,18.8003,110.3967,78.17,88,48,3.13,scattered clouds
272,Gemena,CD,2022-09-03 20:23:33,3.25,19.7667,68.34,97,15,0.78,few clouds
273,Thinadhoo,MV,2022-09-03 20:23:33,0.5333,72.9333,80.44,77,86,16.75,heavy intensity rain
274,Touros,BR,2022-09-03 20:23:33,-5.1989,-35.4608,78.39,73,40,16.93,scattered clouds
275,Gerash,IR,2022-09-03 20:22:54,27.6652,54.1371,84.34,46,31,3.29,scattered clouds
276,Port Hueneme,US,2022-09-03 20:23:34,34.1478,-119.1951,110.19,49,0,12.66,clear sky
277,Saint-Louis,SN,2022-09-03 20:23:34,16.3333,-15.0,91.83,46,31,6.76,scattered clouds
278,Chara,RU,2022-09-03 20:23:35,56.9064,118.2631,42.26,95,100,4.81,overcast clouds
279,Turki,RU,2022-09-03 20:23:35,51.987,43.2731,55.8,37,100,3.09,overcast clouds
280,Brawley,US,2022-09-03 20:23:35,32.9787,-115.5303,104.25,39,0,4.61,clear sky
281,Grand Island,US,2022-09-03 20:21:27,40.925,-98.342,82.35,23,0,16.11,clear sky
282,Vao,NC,2022-09-03 20:23:36,-22.6667,167.4833,72.63,72,100,17.2,overcast clouds
283,Burla,IN,2022-09-03 20:23:36,21.5,83.8667,78.21,91,100,1.95,overcast clouds
284,Pangody,RU,2022-09-03 20:23:36,65.85,74.4859,45.72,97,85,9.1,overcast clouds
285,Port Lincoln,AU,2022-09-03 20:23:37,-34.7333,135.8667,51.39,77,22,11.45,few clouds
286,Kununurra,AU,2022-09-03 20:23:37,-15.7667,128.7333,73.38,33,0,9.22,clear sky
287,Pontiac,US,2022-09-03 20:23:38,42.6389,-83.2911,89.87,46,40,9.22,scattered clouds
288,Krasnoselkup,RU,2022-09-03 20:23:38,65.7,82.4667,46.08,93,100,22.12,light rain
289,East Moline,US,2022-09-03 20:23:38,41.5009,-90.4443,78.37,83,100,5.75,overcast clouds
290,Trairi,BR,2022-09-03 20:23:32,-3.2778,-39.2689,80.22,73,7,13.53,clear sky
291,Edeia,BR,2022-09-03 20:23:39,-17.3383,-49.9314,91.56,16,0,5.66,clear sky
292,Saint-Pierre,RE,2022-09-03 20:23:39,-21.3393,55.4781,67.91,75,20,4.61,few clouds
293,Nyaunglebin,MM,2022-09-03 20:23:40,17.95,96.7333,76.89,92,74,4.72,broken clouds
294,Sistranda,NO,2022-09-03 20:23:40,63.7256,8.834,49.96,70,17,13.58,few clouds
295,Nisko,PL,2022-09-03 20:23:40,50.5199,22.1397,57.72,79,51,1.99,broken clouds
296,Mendi,PG,2022-09-03 20:23:41,-6.1761,143.6513,54.16,97,67,2.64,broken clouds
297,Gravdal,NO,2022-09-03 20:23:41,68.1214,13.5031,49.03,72,0,6.69,clear sky
298,Valdivia,CL,2022-09-03 20:22:20,-39.8142,-73.2459,64.49,52,16,1.41,few clouds
299,Lagoa,PT,2022-09-03 20:23:42,39.05,-27.9833,70.21,69,26,7.61,scattered clouds
300,Ursulo Galvan,MX,2022-09-03 20:23:42,22.7333,-98.3,85.01,79,100,9.37,overcast clouds
301,Vangaindrano,MG,2022-09-03 20:23:42,-23.35,47.6,62.71,80,2,4.21,clear sky
302,Karratha,AU,2022-09-03 20:23:43,-20.7377,116.8463,66.13,68,5,9.35,clear sky
303,Poya,NC,2022-09-03 20:23:43,-21.35,165.15,69.98,83,31,7.94,scattered clouds
304,Luganville,VU,2022-09-03 20:23:44,-15.5333,167.1667,77.29,88,53,5.73,broken clouds
305,Basco,PH,2022-09-03 20:23:44,20.4487,121.9702,83.66,81,100,37.67,overcast clouds
306,Jalingo,NG,2022-09-03 20:23:44,8.8833,11.3667,71.69,88,16,3.42,few clouds
307,Jasper,US,2022-09-03 20:18:45,37.2001,-94.3502,90.0,60,0,4.61,clear sky
308,Havelock,US,2022-09-03 20:23:45,34.8791,-76.9013,87.78,76,88,5.86,overcast clouds
309,Aleksandrovskiy Zavod,RU,2022-09-03 20:23:45,50.9237,117.9374,52.72,79,99,1.83,overcast clouds
310,Moose Factory,CA,2022-09-03 20:23:46,51.2585,-80.6094,53.6,62,100,13.8,overcast clouds
311,Ulaanbaatar,MN,2022-09-03 20:23:46,47.9077,106.8832,39.33,75,75,17.9,broken clouds
312,Myitkyina,MM,2022-09-03 20:23:46,25.3833,97.4,73.81,99,69,1.5,broken clouds
313,Kitimat,CA,2022-09-03 20:23:47,54.0524,-128.6534,59.38,27,100,1.3,moderate rain
314,Dingle,PH,2022-09-03 20:23:47,10.9995,122.6711,76.57,91,100,4.32,overcast clouds
315,Lorengau,PG,2022-09-03 20:24:47,-2.0226,147.2712,81.59,72,21,9.26,few clouds
316,Muncar,ID,2022-09-03 20:24:48,-8.4333,114.3333,74.98,91,41,1.45,scattered clouds
317,Flinders,AU,2022-09-03 20:24:48,-34.5833,150.8552,53.19,91,91,5.99,light rain
318,Akyab,MM,2022-09-03 20:24:48,20.15,92.9,82.11,81,39,4.0,scattered clouds
319,Nantucket,US,2022-09-03 20:24:49,41.2835,-70.0995,74.08,63,0,5.75,clear sky
320,Shingu,JP,2022-09-03 20:24:50,33.7333,135.9833,74.41,91,59,4.81,broken clouds
321,Phalodi,IN,2022-09-03 20:24:50,27.1333,72.3667,89.1,50,0,15.1,clear sky
322,Vitim,RU,2022-09-03 20:24:50,59.4511,112.5578,40.33,91,92,3.58,overcast clouds
323,Berdigestyakh,RU,2022-09-03 20:24:51,62.0989,126.6992,41.34,95,100,3.22,light rain
324,Bukama,CD,2022-09-03 20:24:51,-9.2,25.85,75.04,65,100,1.1,overcast clouds
325,Shasta Lake,US,2022-09-03 20:24:52,40.6804,-122.3708,96.96,13,0,4.0,clear sky
326,Tasiilaq,GL,2022-09-03 20:24:52,65.6145,-37.6368,41.16,72,69,8.43,broken clouds
327,Grand-Santi,GF,2022-09-03 20:24:52,4.25,-54.3833,83.93,64,100,1.7,overcast clouds
328,Bilma,NE,2022-09-03 20:24:53,18.6853,12.9164,95.04,19,6,8.34,clear sky
329,Yulara,AU,2022-09-03 20:24:53,-25.2406,130.9889,51.8,42,100,9.28,overcast clouds
330,Espera Feliz,BR,2022-09-03 20:24:53,-20.6503,-41.9072,76.86,29,0,3.47,clear sky
331,Saint Anthony,US,2022-09-03 20:23:45,45.0205,-93.218,78.15,50,0,11.5,clear sky
332,Omboue,GA,2022-09-03 20:24:54,-1.5746,9.2618,75.07,83,57,9.71,broken clouds
333,Saldanha,ZA,2022-09-03 20:24:54,-33.0117,17.9442,48.25,89,0,5.75,clear sky
334,Agadir,MA,2022-09-03 20:24:55,30.4202,-9.5982,70.25,73,0,4.65,clear sky
335,Maunabo,PR,2022-09-03 20:24:55,18.0072,-65.8993,90.7,77,100,12.97,overcast clouds
336,Port-Gentil,GA,2022-09-03 20:24:55,-0.7193,8.7815,76.96,88,100,12.66,overcast clouds
337,Hovd,MN,2022-09-03 20:24:56,48.0056,91.6419,56.1,46,67,0.63,broken clouds
338,Moron,AR,2022-09-03 20:24:41,-34.6534,-58.6198,67.89,54,0,4.18,clear sky
339,Bagli,IN,2022-09-03 20:24:56,22.65,76.35,75.33,89,95,4.97,overcast clouds
340,Quang Ngai,VN,2022-09-03 20:24:56,15.1167,108.8,77.31,89,97,4.92,overcast clouds
341,Darnah,LY,2022-09-03 20:24:57,32.767,22.6367,78.8,72,0,17.02,clear sky
342,Pangai,TO,2022-09-03 20:24:57,-19.8,-174.35,72.32,61,4,13.94,clear sky
343,Buzdyak,RU,2022-09-03 20:24:58,54.5833,54.55,44.85,69,13,4.94,few clouds
344,Sangar,RU,2022-09-03 20:24:58,63.9242,127.4739,36.12,93,9,1.14,clear sky
345,Walvis Bay,NA,2022-09-03 20:24:58,-22.9575,14.5053,56.35,82,0,4.61,clear sky
346,Ketchikan,US,2022-09-03 20:24:59,55.3422,-131.6461,57.67,100,100,12.66,moderate rain
347,Brownsville,US,2022-09-03 20:23:37,25.9018,-97.4975,89.55,68,20,12.66,few clouds
348,Constitucion,CL,2022-09-03 20:24:59,-35.3333,-72.4167,60.82,58,0,13.38,clear sky
349,Isangel,VU,2022-09-03 20:22:47,-19.55,169.2667,74.59,80,94,10.6,overcast clouds
350,Faanui,PF,2022-09-03 20:25:00,-16.4833,-151.75,78.71,74,45,17.45,light rain
351,Bethel,US,2022-09-03 20:25:00,41.3712,-73.414,83.55,54,0,5.75,clear sky
352,Rognan,NO,2022-09-03 20:25:00,67.0953,15.3878,47.88,75,9,1.88,clear sky
353,Ajdabiya,LY,2022-09-03 20:25:01,30.7554,20.2263,81.66,48,0,16.78,clear sky
354,Aban,RU,2022-09-03 20:25:01,56.67,96.06,38.84,89,26,0.83,scattered clouds
355,Kagal,IN,2022-09-03 20:25:02,16.5833,74.3167,73.6,93,97,7.18,overcast clouds
356,Takoradi,GH,2022-09-03 20:25:02,4.8845,-1.7554,75.4,90,90,9.06,overcast clouds
357,Zilair,RU,2022-09-03 20:25:02,52.2332,57.4392,45.18,55,40,5.59,scattered clouds
358,Salym,RU,2022-09-03 20:25:03,60.0625,71.4789,45.81,81,13,5.12,few clouds
359,Tateyama,JP,2022-09-03 20:25:03,34.9833,139.8667,76.1,88,98,6.62,overcast clouds
360,Villa Carlos Paz,AR,2022-09-03 20:25:04,-31.4241,-64.4978,72.05,16,0,15.01,clear sky
361,Ekhabi,RU,2022-09-03 20:26:04,53.5102,142.9671,50.25,82,61,6.24,broken clouds
362,Kamenka,RU,2022-09-03 20:26:05,51.3223,42.7678,55.63,37,100,7.02,overcast clouds
363,Skibbereen,IE,2022-09-03 20:26:05,51.55,-9.2667,54.82,79,100,5.77,overcast clouds
364,Pitimbu,BR,2022-09-03 20:26:05,-7.4706,-34.8086,79.39,73,9,13.4,clear sky
365,Baruun-Urt,MN,2022-09-03 20:26:06,46.6806,113.2792,50.94,94,91,7.63,moderate rain
366,Jardim,BR,2022-09-03 20:26:06,-21.4803,-56.1381,75.04,54,91,9.15,overcast clouds
367,Winder,US,2022-09-03 20:22:37,33.9926,-83.7202,87.98,71,40,4.61,scattered clouds
368,Vrangel,RU,2022-09-03 20:26:07,42.7297,133.0839,59.74,78,27,4.59,scattered clouds
369,Goderich,CA,2022-09-03 20:26:07,43.7501,-81.7165,80.92,54,1,4.61,clear sky
370,Bela,IN,2022-09-03 20:26:07,25.9333,81.9833,81.36,73,60,7.2,broken clouds
371,Pangnirtung,CA,2022-09-03 20:26:08,66.1451,-65.7125,46.29,91,100,6.02,light rain
372,Lubin,PL,2022-09-03 20:26:08,51.4009,16.2015,62.02,63,99,6.44,overcast clouds
373,Cairns,AU,2022-09-03 20:26:09,-16.9167,145.7667,67.95,77,47,12.66,scattered clouds
374,Aksu,CN,2022-09-03 20:26:09,41.1231,80.2644,72.07,32,0,1.12,clear sky
375,Rabaul,PG,2022-09-03 20:26:10,-4.1967,152.1721,78.98,74,14,3.15,few clouds
376,Mayumba,GA,2022-09-03 20:26:10,-3.432,10.6554,73.36,84,34,8.08,scattered clouds
377,Palimanan,ID,2022-09-03 20:26:10,-6.7069,108.4242,75.15,76,74,6.82,broken clouds
378,Xinpu,CN,2022-09-03 20:26:11,34.5997,119.1594,70.9,95,100,7.27,overcast clouds
379,Mykolayivka,UA,2022-09-03 20:26:11,47.5414,30.7561,53.44,85,100,9.08,light rain
380,Karauli,IN,2022-09-03 20:26:12,26.5,77.0167,82.94,68,76,8.25,broken clouds
381,Sinnamary,GF,2022-09-03 20:26:12,5.3833,-52.95,83.77,73,83,12.77,broken clouds
382,Guerrero Negro,MX,2022-09-03 20:23:46,27.9769,-114.0611,93.4,47,100,29.51,overcast clouds
383,Aranjuez,ES,2022-09-03 20:26:13,40.0311,-3.6025,80.53,31,0,8.86,clear sky
384,Kruisfontein,ZA,2022-09-03 20:26:13,-34.0033,24.7314,54.88,86,0,4.61,clear sky
385,Batagay-Alyta,RU,2022-09-03 20:26:13,67.8006,130.4114,27.86,90,83,2.77,broken clouds
386,Sao Felix Do Xingu,BR,2022-09-03 20:26:14,-6.6447,-51.995,98.55,16,5,3.47,clear sky
387,Severo-Kurilsk,RU,2022-09-03 20:26:14,50.6789,156.125,52.7,88,4,9.15,clear sky
388,Pemberton,CA,2022-09-03 20:26:15,50.3164,-122.8027,82.09,33,3,6.24,clear sky
389,Urazovo,RU,2022-09-03 20:26:15,50.0836,38.0395,60.31,29,100,14.29,overcast clouds
390,Gat,IL,2022-09-03 20:26:15,31.61,34.7642,81.28,100,0,7.65,clear sky
391,San Rafael,AR,2022-09-03 20:26:16,-34.6177,-68.3301,72.75,12,0,18.14,clear sky
392,Katherine,AU,2022-09-03 20:26:16,-14.4667,132.2667,64.72,45,0,6.91,clear sky
393,Ulladulla,AU,2022-09-03 20:26:17,-35.35,150.4667,50.77,82,94,13.87,overcast clouds
394,Khulo,GE,2022-09-03 20:26:17,41.644,42.3129,77.27,26,68,3.51,broken clouds
395,Kenai,US,2022-09-03 20:26:17,60.5544,-151.2583,55.15,95,100,5.75,overcast clouds
396,Latnaya,RU,2022-09-03 20:26:18,51.6586,38.9011,55.29,40,100,8.61,overcast clouds
397,Yumen,CN,2022-09-03 20:26:18,40.2833,97.2,63.55,27,5,11.14,clear sky
398,Marau,BR,2022-09-03 20:26:18,-28.4492,-52.2,52.59,60,0,7.78,clear sky
399,Hamilton,US,2022-09-03 20:22:39,39.1834,-84.5333,77.94,88,100,14.97,overcast clouds
400,Laukaa,RU,2022-09-03 20:26:19,58.7372,29.8453,44.92,85,98,5.91,overcast clouds
401,Marystown,CA,2022-09-03 20:26:19,47.1666,-55.1483,69.13,71,4,1.9,clear sky
402,Bonthe,SL,2022-09-03 20:26:20,7.5264,-12.505,77.36,82,37,5.86,scattered clouds
403,Corcoran,US,2022-09-03 20:26:20,36.098,-119.5604,98.69,8,5,7.78,clear sky
404,Mahibadhoo,MV,2022-09-03 20:26:21,3.7833,72.9667,79.14,83,100,19.75,light rain
405,Saint-Georges,GD,2022-09-03 20:26:21,12.0564,-61.7485,85.68,79,20,17.27,few clouds
406,Hailin,CN,2022-09-03 20:26:21,44.5833,129.4167,52.48,88,87,0.98,overcast clouds
407,Cockburn Town,TC,2022-09-03 20:26:22,21.4612,-71.1419,83.28,70,0,16.31,clear sky
408,Ust-Tsilma,RU,2022-09-03 20:26:22,65.441,52.1498,43.61,88,100,5.35,overcast clouds
409,Fort Nelson,CA,2022-09-03 20:27:22,58.8053,-122.7002,67.59,60,75,2.3,broken clouds
410,Sioux Lookout,CA,2022-09-03 20:27:23,50.1001,-91.917,60.87,55,75,0.0,broken clouds
411,Bundaberg,AU,2022-09-03 20:27:23,-24.85,152.35,55.22,92,0,3.0,clear sky
412,Waingapu,ID,2022-09-03 20:27:24,-9.6567,120.2641,76.21,83,2,5.97,clear sky
413,Beloha,MG,2022-09-03 20:27:24,-25.1667,45.05,65.7,74,0,5.08,clear sky
414,Port Hawkesbury,CA,2022-09-03 20:27:24,45.6169,-61.3485,71.91,63,0,8.01,clear sky
415,Atar,MR,2022-09-03 20:27:25,20.5169,-13.0499,97.99,27,15,5.44,few clouds
416,Den Helder,NL,2022-09-03 20:26:22,52.9599,4.7593,70.02,65,100,11.99,overcast clouds
417,Yichun,CN,2022-09-03 20:27:25,47.7,128.9,52.34,87,4,2.57,clear sky
418,Puerto Lopez,CO,2022-09-03 20:27:26,4.0845,-72.956,72.95,93,100,6.62,moderate rain
419,Harper,LR,2022-09-03 20:27:26,4.375,-7.7169,75.61,89,29,6.38,scattered clouds
420,Arlit,NE,2022-09-03 20:27:27,18.7369,7.3853,99.39,15,21,8.21,few clouds
421,Cedar City,US,2022-09-03 20:23:49,37.6775,-113.0619,94.17,14,0,4.61,clear sky
422,Olinda,BR,2022-09-03 20:27:27,-8.0089,-34.8553,78.53,65,40,13.8,scattered clouds
423,Nampula,MZ,2022-09-03 20:27:28,-15.1165,39.2666,65.62,79,0,3.62,clear sky
424,Celestun,MX,2022-09-03 20:27:28,20.8667,-90.4,88.14,61,100,14.79,overcast clouds
425,Salta,AR,2022-09-03 20:27:29,-24.7859,-65.4117,60.58,37,100,8.05,overcast clouds
426,Douglas,US,2022-09-03 20:27:29,41.3,-96.167,82.27,42,0,11.5,clear sky
427,Anshan,CN,2022-09-03 20:27:29,41.1236,122.99,65.79,82,100,4.07,overcast clouds
428,Ihtiman,BG,2022-09-03 20:27:30,42.4333,23.8167,58.15,96,11,2.73,light rain
429,Brigantine,US,2022-09-03 20:27:30,39.4101,-74.3646,81.19,67,0,10.36,clear sky
430,Ugoofaaru,MV,2022-09-03 20:27:30,5.6667,73.0,79.79,84,99,19.22,overcast clouds
431,Karatau,KZ,2022-09-03 20:27:31,43.1667,70.4667,73.74,27,0,11.01,clear sky
432,Puerto Quijarro,BO,2022-09-03 20:27:31,-17.7833,-57.7667,90.73,29,0,6.49,clear sky
433,Tilichiki,RU,2022-09-03 20:27:31,60.4667,166.1,52.12,94,100,5.3,light rain
434,Aswan,EG,2022-09-03 20:27:32,24.0934,32.907,96.1,24,0,9.22,clear sky
435,Yanam,IN,2022-09-03 20:27:32,16.7333,82.2167,78.24,87,61,3.2,broken clouds
436,Uthal,PK,2022-09-03 20:27:33,25.8072,66.6219,79.95,85,43,4.92,scattered clouds
437,Kundiawa,PG,2022-09-03 20:27:33,-6.0167,144.9667,56.91,88,50,3.2,scattered clouds
438,Lander,US,2022-09-03 20:26:09,42.833,-108.7307,94.1,17,0,3.44,clear sky
439,Zhanaozen,KZ,2022-09-03 20:27:33,43.3,52.8,85.78,11,0,10.51,clear sky
440,Ilulissat,GL,2022-09-03 20:27:34,69.2167,-51.1,44.62,87,75,2.3,broken clouds
441,Ostashkov,RU,2022-09-03 20:27:34,57.1467,33.1075,39.83,89,7,4.74,clear sky
442,Troitsko-Pechorsk,RU,2022-09-03 20:27:35,62.7084,56.1964,43.34,92,99,10.29,light rain
443,Nagato,JP,2022-09-03 20:27:35,34.3833,131.2,76.37,87,100,8.12,overcast clouds
444,Nyrob,RU,2022-09-03 20:27:35,60.733,56.7202,41.47,98,99,8.43,overcast clouds
445,Lazarev,RU,2022-09-03 20:27:36,52.225,141.5131,58.03,87,59,2.48,broken clouds
446,Namatanai,PG,2022-09-03 20:27:36,-3.6667,152.4333,78.42,76,35,10.54,scattered clouds
447,Manikganj,BD,2022-09-03 20:27:37,23.8553,90.0125,82.38,83,89,10.51,light rain
448,Dunyapur,PK,2022-09-03 20:27:37,29.7995,71.7196,84.43,50,0,9.06,clear sky
449,Umm Lajj,SA,2022-09-03 20:27:37,25.0213,37.2685,90.18,52,5,6.96,clear sky
450,Havre,FR,2022-09-03 20:27:38,49.5833,0.3333,66.2,82,0,3.44,clear sky
451,Kirakira,SB,2022-09-03 20:27:38,-10.4544,161.9205,78.42,84,63,6.6,broken clouds
452,Parakai,NZ,2022-09-03 20:27:38,-36.65,174.4333,52.75,90,100,5.61,overcast clouds
453,Wagar,SD,2022-09-03 20:28:39,16.1525,36.2032,84.38,61,82,20.15,broken clouds
454,Korla,CN,2022-09-03 20:28:39,41.7597,86.1469,72.21,25,0,1.88,clear sky
455,Hirara,JP,2022-09-03 20:28:40,24.8,125.2833,83.01,90,100,64.98,heavy intensity rain
456,Vallenar,CL,2022-09-03 20:28:40,-28.5708,-70.7581,77.38,16,0,9.19,clear sky
457,Santa Maria,BR,2022-09-03 20:28:40,-29.6842,-53.8069,58.3,41,0,6.91,clear sky
458,San Cristobal,VE,2022-09-03 20:28:41,7.7669,-72.225,82.58,78,48,6.02,scattered clouds
459,Camana,PE,2022-09-03 20:28:41,-16.6228,-72.7111,63.9,73,27,9.22,scattered clouds
460,Meulaboh,ID,2022-09-03 20:28:41,4.1363,96.1285,74.28,92,100,3.42,overcast clouds
461,Pingliang,CN,2022-09-03 20:28:42,35.5392,106.6861,59.04,56,95,5.46,overcast clouds
462,Novo Aripuana,BR,2022-09-03 20:28:42,-5.1206,-60.3797,101.93,18,12,4.94,few clouds
463,Sao Gabriel Da Cachoeira,BR,2022-09-03 20:28:43,-0.1303,-67.0892,86.41,67,80,2.06,light rain
464,Newport,GB,2022-09-03 20:25:55,51.5877,-2.9984,65.01,81,100,15.08,overcast clouds
465,Manaure,CO,2022-09-03 20:28:43,11.7751,-72.4445,85.24,70,100,15.79,overcast clouds
466,Synya,RU,2022-09-03 20:28:43,65.3718,58.0387,41.58,98,98,6.29,overcast clouds
467,Lavrentiya,RU,2022-09-03 20:28:44,65.5833,-171.0,45.3,74,100,6.29,overcast clouds
468,Riyadh,SA,2022-09-03 20:28:44,24.6877,46.7219,91.54,14,1,6.42,clear sky
469,Mehamn,NO,2022-09-03 20:28:44,71.0357,27.8492,46.31,93,100,4.61,overcast clouds
470,Saint-Nazaire,FR,2022-09-03 20:28:45,47.2833,-2.2,66.47,79,0,6.91,clear sky
471,Teya,RU,2022-09-03 20:28:45,60.3778,92.6267,40.01,84,100,3.96,overcast clouds
472,Sakakah,SA,2022-09-03 20:28:46,29.9697,40.2064,98.17,9,0,8.03,clear sky
473,Ileza,RU,2022-09-03 20:28:46,61.0533,43.9002,41.67,87,30,9.69,scattered clouds
474,Okhotsk,RU,2022-09-03 20:28:46,59.3833,143.3,47.3,61,13,15.19,few clouds
475,Ornskoldsvik,SE,2022-09-03 20:28:47,63.2909,18.7153,40.15,93,40,4.61,scattered clouds
476,Nioro,GM,2022-09-03 20:28:47,13.35,-15.75,74.86,94,100,6.06,moderate rain
477,Candolim,IN,2022-09-03 20:28:47,15.5181,73.7626,77.0,94,40,3.44,scattered clouds
478,Lasa,IT,2022-09-03 20:28:48,46.6166,10.7002,61.68,90,63,0.63,broken clouds
479,Zambezi,ZM,2022-09-03 20:28:48,-13.5432,23.1047,73.04,39,78,5.37,broken clouds
480,Tarata,BO,2022-09-03 20:28:48,-17.6167,-66.0167,72.82,53,71,10.18,broken clouds
481,Boxtel,NL,2022-09-03 20:28:49,51.5833,5.3167,73.99,64,100,2.3,overcast clouds
482,Marzuq,YE,2022-09-03 20:28:49,14.4,46.4667,82.67,53,84,5.26,broken clouds
483,Furano,JP,2022-09-03 20:28:50,43.2818,142.4743,56.79,93,100,2.26,overcast clouds
484,Portland,US,2022-09-03 20:28:11,45.5234,-122.6762,74.48,67,100,5.75,overcast clouds
485,Talara,PE,2022-09-03 20:28:50,-4.5772,-81.2719,72.36,68,0,17.27,clear sky
486,Eureka,US,2022-09-03 20:26:45,40.8021,-124.1637,74.19,84,2,5.99,clear sky
487,Grand Gaube,MU,2022-09-03 20:28:50,-20.0064,57.6608,70.38,75,61,4.0,broken clouds
488,Aleksandrov Gay,RU,2022-09-03 20:28:51,50.147,48.5704,62.19,30,82,10.89,broken clouds
489,Murray Bridge,AU,2022-09-03 20:28:18,-35.1167,139.2667,45.34,93,2,2.71,clear sky
490,Marang,MY,2022-09-03 20:28:51,5.2056,103.2059,78.71,86,99,5.01,light rain
491,Torbay,CA,2022-09-03 20:28:52,47.6666,-52.7314,69.76,84,40,10.36,scattered clouds
492,Smithers,CA,2022-09-03 20:28:52,54.7804,-127.1743,61.12,63,100,4.61,overcast clouds
493,Kasiri,SL,2022-09-03 20:28:52,8.9412,-13.1148,76.35,85,74,5.91,broken clouds
494,San Vicente,AR,2022-09-03 20:28:53,-26.6167,-54.1333,61.12,38,0,6.64,clear sky
495,Hit,IQ,2022-09-03 20:28:53,33.6416,42.8251,98.87,8,0,9.91,clear sky
496,Papara,BR,2022-09-03 20:28:53,-3.9839,-38.7273,79.2,60,35,8.57,scattered clouds
497,Fort Dix,US,2022-09-03 20:28:54,40.0298,-74.6185,87.87,45,20,5.75,few clouds
498,Lingao,CN,2022-09-03 20:28:54,19.9103,109.6859,80.64,71,86,5.01,overcast clouds
499,Sagaing,MM,2022-09-03 20:28:55,21.8787,95.9797,82.53,71,80,10.67,broken clouds
500,Oktyabrskiy,RU,2022-09-03 20:28:55,54.4815,53.471,44.74,71,14,2.95,few clouds
501,Boa Vista,BR,2022-09-03 20:28:55,2.8197,-60.6733,93.18,52,75,11.5,broken clouds
502,Puerto Cabezas,NI,2022-09-03 20:29:56,14.0351,-83.3888,87.76,74,40,6.91,scattered clouds
503,Cayenne,GF,2022-09-03 20:29:56,4.9333,-52.3333,86.04,62,0,12.66,clear sky
504,Ekibastuz,KZ,2022-09-03 20:29:56,51.6667,75.3667,77.34,25,11,13.85,few clouds
505,Esso,RU,2022-09-03 20:29:57,55.9333,158.7,51.28,92,100,5.1,light rain
506,Suntar,RU,2022-09-03 20:29:57,62.1444,117.6319,41.14,98,99,5.53,overcast clouds
507,Gallup,US,2022-09-03 20:29:58,35.5281,-108.7426,84.96,27,20,3.44,few clouds
508,Ambilobe,MG,2022-09-03 20:29:58,-13.2,49.05,65.98,80,37,3.6,scattered clouds
509,Annau,TM,2022-09-03 20:29:58,37.8876,58.516,76.5,19,0,6.91,clear sky
510,Hobyo,SO,2022-09-03 20:29:59,5.3505,48.5268,76.24,82,0,24.45,clear sky
511,Fairbanks,US,2022-09-03 20:25:02,64.8378,-147.7164,57.31,76,100,4.61,overcast clouds
512,Primorsk,UA,2022-09-03 20:29:59,46.7348,36.3443,70.52,43,100,19.73,light rain
513,Cabo San Lucas,MX,2022-09-03 20:25:49,22.8909,-109.9124,91.62,74,20,0.0,few clouds
514,Livramento,BR,2022-09-03 20:30:00,-3.0254,-60.1803,92.08,55,40,8.05,scattered clouds
515,Bonavista,CA,2022-09-03 20:30:00,48.6499,-53.1147,62.78,79,0,11.41,clear sky
516,Mae Sai,TH,2022-09-03 20:30:00,20.4335,99.8762,72.55,98,67,1.43,light rain
517,Sinjar,IQ,2022-09-03 20:30:01,36.3209,41.8754,94.14,11,0,9.89,clear sky
518,San Lorenzo,PY,2022-09-03 20:28:11,-25.3333,-57.5333,70.74,30,0,14.0,clear sky
519,Tahe,CN,2022-09-03 20:30:01,52.3333,124.7333,51.98,95,79,2.93,broken clouds
520,La Tuque,CA,2022-09-03 20:30:02,47.4334,-72.7824,80.85,41,5,12.66,clear sky
521,Pedro Juan Caballero,PY,2022-09-03 20:30:02,-22.5472,-55.7333,64.36,68,0,16.11,clear sky
522,Wattegama,LK,2022-09-03 20:30:03,6.7989,81.4808,75.4,82,99,4.97,overcast clouds
523,Amlame,TG,2022-09-03 20:30:04,7.4667,0.9,71.24,92,99,2.91,overcast clouds
524,Inta,RU,2022-09-03 20:30:04,66.0317,60.1659,44.08,95,100,17.11,light rain
525,Ahuimanu,US,2022-09-03 20:30:05,21.4447,-157.8378,82.11,84,75,8.05,light rain
526,Yatou,CN,2022-09-03 20:30:05,37.15,122.3833,70.57,99,100,14.56,very heavy rain
527,San Isidro,PE,2022-09-03 20:30:06,-12.1167,-77.05,62.19,72,100,10.36,overcast clouds
528,Vohibinany,MG,2022-09-03 20:30:06,-17.35,49.0333,58.21,96,8,3.02,clear sky
529,Ingham,US,2022-09-03 20:30:07,42.6,-84.3833,87.66,49,75,0.0,broken clouds
530,Marawi,PH,2022-09-03 20:30:08,7.9986,124.2928,68.81,93,100,1.99,overcast clouds
531,Snasa,NO,2022-09-03 20:30:09,64.2457,12.3778,44.01,77,11,6.53,few clouds
532,Auki,SB,2022-09-03 20:30:10,-8.7676,160.7034,79.52,79,68,4.45,broken clouds
533,Pouebo,NC,2022-09-03 20:30:10,-20.4,164.5667,74.55,74,93,9.26,overcast clouds
534,Chernyakhovsk,RU,2022-09-03 20:30:11,54.6335,21.8156,47.91,71,89,4.88,overcast clouds
535,Pakxan,LA,2022-09-03 20:30:11,18.3778,103.6601,74.7,96,83,2.86,broken clouds
536,Northam,GB,2022-09-03 20:30:11,51.0333,-4.2167,62.26,91,100,14.88,overcast clouds
537,Virginia Beach,US,2022-09-03 20:25:49,36.8529,-75.978,86.05,62,40,12.66,scattered clouds
538,Deputatskiy,RU,2022-09-03 20:30:12,69.3,139.9,28.99,89,100,3.62,overcast clouds
539,Mexico,PH,2022-09-03 20:28:06,15.0646,120.7198,74.34,95,97,1.12,overcast clouds
540,Buluang,PH,2022-09-03 20:30:13,13.3068,123.3425,79.21,90,100,4.14,overcast clouds
541,Lodja,CD,2022-09-03 20:30:13,-3.4833,23.4333,68.16,91,53,1.59,broken clouds
542,Srednekolymsk,RU,2022-09-03 20:30:14,67.45,153.6833,35.42,82,100,8.77,overcast clouds
543,Cabedelo,BR,2022-09-03 20:30:14,-6.9811,-34.8339,79.47,77,21,14.32,few clouds
544,Am Timan,TD,2022-09-03 20:30:15,11.0297,20.2827,72.18,93,39,5.68,scattered clouds
545,Otradnoye,RU,2022-09-03 20:30:15,59.7775,30.8181,48.96,94,21,5.37,few clouds
546,Kismayo,SO,2022-09-03 20:30:16,-0.3582,42.5454,75.2,83,15,16.08,few clouds
547,Lompoc,US,2022-09-03 20:30:16,34.6391,-120.4579,107.74,36,0,14.97,clear sky
548,Sokoni,TZ,2022-09-03 20:30:20,-6.4333,39.55,74.68,78,30,14.0,scattered clouds
549,Talnakh,RU,2022-09-03 20:30:21,69.4865,88.3972,43.21,75,87,7.34,overcast clouds
550,Volsk,RU,2022-09-03 20:30:22,52.0333,47.3833,53.92,45,99,3.04,overcast clouds
551,Gondanglegi,ID,2022-09-03 20:31:23,-7.7479,112.0132,73.87,88,76,11.86,broken clouds
552,Tandil,AR,2022-09-03 20:29:54,-37.3217,-59.1332,64.69,35,0,11.61,clear sky
553,Dogondoutchi,NE,2022-09-03 20:31:23,13.6393,4.0287,85.57,55,99,1.1,overcast clouds
554,Acajutla,SV,2022-09-03 20:31:24,13.5928,-89.8275,83.17,67,99,2.95,overcast clouds
555,Tongren,CN,2022-09-03 20:31:24,27.7172,109.1853,66.33,86,31,2.21,scattered clouds
556,Ialibu,PG,2022-09-03 20:31:25,-6.2821,143.9935,54.39,95,34,2.71,scattered clouds
557,Mogadishu,SO,2022-09-03 20:26:54,2.0371,45.3438,75.97,84,92,18.43,overcast clouds
558,Port Moresby,PG,2022-09-03 20:31:25,-9.4431,147.1797,76.42,94,75,11.5,broken clouds
559,Coquimbo,CL,2022-09-03 20:27:18,-29.9533,-71.3436,58.73,82,20,14.97,few clouds
560,Jiazi,CN,2022-09-03 20:31:26,22.8779,116.067,77.63,73,54,7.92,broken clouds
561,Rock Sound,BS,2022-09-03 20:31:26,24.9,-76.2,84.06,70,4,14.34,clear sky
562,Kyshtovka,RU,2022-09-03 20:31:26,56.555,76.6271,76.78,34,100,16.89,overcast clouds
563,Oussouye,SN,2022-09-03 20:31:27,12.485,-16.5469,73.58,91,100,9.37,light rain
564,Vanavara,RU,2022-09-03 20:31:27,60.34,102.2797,34.14,96,36,2.73,scattered clouds
565,Atambua,ID,2022-09-03 20:31:28,-9.1061,124.8925,71.49,87,10,4.32,clear sky
566,Taoudenni,ML,2022-09-03 20:31:28,22.6783,-3.9836,98.28,19,48,14.43,scattered clouds
567,Ormara,PK,2022-09-03 20:31:28,25.2088,64.6357,79.97,82,93,17.34,overcast clouds
568,Itum-Kale,RU,2022-09-03 20:31:29,42.7356,45.5758,72.59,37,0,8.84,clear sky
569,Egvekinot,RU,2022-09-03 20:31:29,66.3167,-179.1667,45.57,86,100,2.48,overcast clouds
570,Cap Malheureux,MU,2022-09-03 20:31:29,-19.9842,57.6142,69.48,76,72,5.01,broken clouds
571,Rodrigues Alves,BR,2022-09-03 20:31:30,-7.738,-72.6509,93.4,23,50,3.24,scattered clouds
572,Ranong,TH,2022-09-03 20:31:30,9.9658,98.6348,78.91,90,100,9.44,overcast clouds
573,Saint-Francois,FR,2022-09-03 20:31:31,46.4154,3.9054,63.84,72,0,0.0,clear sky
574,Huangzhai,CN,2022-09-03 20:31:31,38.0751,112.6595,59.41,90,1,4.14,clear sky
575,Nelson Bay,AU,2022-09-03 20:31:31,-32.7167,152.15,59.09,89,100,18.01,light rain
576,Liesveld,NL,2022-09-03 20:31:32,51.9325,4.8319,74.08,59,79,3.22,broken clouds
577,Puerto Colombia,CO,2022-09-03 20:31:32,10.9878,-74.9547,89.69,73,91,14.54,overcast clouds
578,Nioki,CD,2022-09-03 20:31:32,-2.7167,17.6833,73.45,88,87,1.59,overcast clouds
579,Chapais,CA,2022-09-03 20:31:33,49.7834,-74.8492,51.58,82,88,10.02,overcast clouds
580,Soteapan,MX,2022-09-03 20:31:33,18.2333,-94.8667,75.63,80,99,8.46,overcast clouds
581,Maarianhamina,AX,2022-09-03 20:31:34,60.0973,19.9348,37.26,100,0,1.14,clear sky
582,Ola,RU,2022-09-03 20:31:34,59.5833,151.2833,43.14,74,66,14.38,broken clouds
583,Yashan,CN,2022-09-03 20:31:34,22.1975,109.9419,76.6,70,78,3.83,broken clouds
584,Wajir,KE,2022-09-03 20:31:35,1.7471,40.0573,77.34,48,10,21.05,clear sky
585,Centralina,BR,2022-09-03 20:31:35,-18.5839,-49.1994,86.05,22,1,3.06,clear sky
586,Kodinsk,RU,2022-09-03 20:31:35,58.6881,99.1844,41.47,89,99,1.81,overcast clouds
587,Conceicao Do Araguaia,BR,2022-09-03 20:31:36,-8.2578,-49.2647,92.35,20,4,1.54,clear sky
588,Damara,CF,2022-09-03 20:31:36,4.9608,18.7035,68.88,95,94,3.44,overcast clouds
589,Aykhal,RU,2022-09-03 20:31:37,66.0,111.5,33.6,89,100,5.44,overcast clouds
590,Puerto Baquerizo Moreno,EC,2022-09-03 20:31:37,-0.9,-89.6,70.79,83,100,11.5,light intensity drizzle rain
591,Sal Rei,CV,2022-09-03 20:27:34,16.1833,-22.9167,81.48,79,66,8.01,broken clouds
592,Codrington,AU,2022-09-03 20:31:37,-38.2667,141.9667,49.15,75,100,10.09,overcast clouds
593,Batken,KG,2022-09-03 20:31:38,39.8333,71.0,57.94,27,0,2.42,clear sky
594,Ilebo,CD,2022-09-03 20:31:38,-4.3167,20.5833,71.67,83,46,0.81,scattered clouds
595,Batticaloa,LK,2022-09-03 20:31:39,7.7102,81.6924,80.87,76,100,1.72,overcast clouds
596,Banda Aceh,ID,2022-09-03 20:31:39,5.5577,95.3222,76.12,85,100,16.08,overcast clouds
597,Harij,IN,2022-09-03 20:31:39,23.7,71.9,84.67,74,94,8.23,overcast clouds
598,Gotsu,JP,2022-09-03 20:32:40,35.0,132.2167,74.73,86,89,5.61,overcast clouds
599,Verkhnyaya Inta,RU,2022-09-03 20:32:40,65.9811,60.3094,43.77,95,100,17.43,light rain
600,Yabrud,SY,2022-09-03 20:32:41,33.9674,36.6574,76.05,33,0,1.57,clear sky
601,Barra Patuca,HN,2022-09-03 20:32:41,15.8,-84.2833,83.77,72,95,7.54,overcast clouds
602,Road Town,VG,2022-09-03 20:32:41,18.4167,-64.6167,87.89,66,40,9.22,scattered clouds
603,Kamaishi,JP,2022-09-03 20:32:42,39.2667,141.8833,68.52,97,100,4.56,moderate rain
604,Tadine,NC,2022-09-03 20:32:42,-21.55,167.8833,74.25,69,77,11.59,broken clouds
605,Sorong,ID,2022-09-03 20:32:42,-0.8833,131.25,78.96,83,100,3.36,overcast clouds
606,Bitung,ID,2022-09-03 20:32:43,1.4451,125.1824,74.25,92,100,9.13,overcast clouds
607,Surt,LY,2022-09-03 20:32:43,31.2089,16.5887,80.67,68,0,10.54,clear sky
608,Varna,BG,2022-09-03 20:32:44,43.2167,27.9167,60.94,92,100,9.22,overcast clouds
609,Nefteyugansk,RU,2022-09-03 20:32:44,61.0998,72.6035,44.33,85,6,10.47,clear sky
610,Xuanhua,CN,2022-09-03 20:32:44,40.6103,115.0447,58.87,92,5,1.99,clear sky
611,Kiama,AU,2022-09-03 20:27:53,-34.6833,150.8667,57.0,93,89,1.99,light rain
612,Amga,RU,2022-09-03 20:32:45,60.8953,131.9608,39.2,84,100,2.06,overcast clouds
613,Druskininkai,LT,2022-09-03 20:32:45,54.0167,23.9667,53.71,64,100,5.12,overcast clouds
614,Agudos,BR,2022-09-03 20:32:46,-22.4692,-48.9875,86.25,43,98,10.36,overcast clouds
615,Sur,OM,2022-09-03 20:32:46,22.5667,59.5289,84.02,63,1,14.54,clear sky
616,Valle De Allende,MX,2022-09-03 20:32:46,26.9333,-105.4,73.8,64,100,5.19,overcast clouds
617,Fuerte Olimpo,PY,2022-09-03 20:32:47,-21.0415,-57.8738,68.67,52,97,8.55,overcast clouds
618,Asau,RO,2022-09-03 20:32:47,46.4333,26.4,52.72,99,100,1.88,overcast clouds
619,Zhuhai,CN,2022-09-03 20:32:47,22.2769,113.5678,83.98,65,0,13.8,clear sky
620,Albury,AU,2022-09-03 20:30:02,-36.0833,146.9167,40.01,100,0,1.99,clear sky
621,Brumado,BR,2022-09-03 20:32:48,-14.2036,-41.6653,76.98,42,7,5.01,clear sky
622,Umm Kaddadah,SD,2022-09-03 20:32:48,13.6017,26.6876,70.92,78,100,11.61,heavy intensity rain
623,Tottori,JP,2022-09-03 20:32:49,35.5,134.2333,73.49,86,35,5.03,scattered clouds
624,Soyo,AO,2022-09-03 20:32:49,-6.1349,12.3689,72.28,87,1,7.54,clear sky
625,Port Augusta,AU,2022-09-03 20:32:49,-32.5,137.7667,41.99,85,38,5.44,scattered clouds
626,Kampot,KH,2022-09-03 20:32:50,10.6167,104.1833,80.65,85,100,5.57,overcast clouds
627,Khorinsk,RU,2022-09-03 20:32:50,52.1657,109.7726,42.62,65,100,11.21,overcast clouds
628,Partyzany,UA,2022-09-03 20:32:50,46.3314,34.7503,65.46,76,100,18.19,light rain
629,Sabang,ID,2022-09-03 20:32:51,5.8933,95.3214,79.05,79,100,26.35,light rain
630,Roswell,US,2022-09-03 20:30:47,34.0232,-84.3616,87.69,65,0,8.05,clear sky
631,The Valley,AI,2022-09-03 20:32:51,18.217,-63.0578,86.09,84,20,13.8,few clouds
632,Nyurba,RU,2022-09-03 20:32:52,63.2842,118.3319,39.63,95,100,6.11,overcast clouds
633,Yerbogachen,RU,2022-09-03 20:32:52,61.2767,108.0108,39.79,96,95,6.26,light rain
634,Chambery,FR,2022-09-03 20:29:51,45.5667,5.9333,69.33,82,24,5.75,few clouds
635,Balsas,BR,2022-09-03 20:31:19,-7.5325,-46.0356,89.47,22,4,3.36,clear sky
636,Yarada,IN,2022-09-03 20:32:53,17.65,83.2667,79.12,89,20,2.3,few clouds
637,Rincon,US,2022-09-03 20:32:53,32.296,-81.2354,84.94,79,75,19.57,broken clouds
638,Qaqortoq,GL,2022-09-03 20:32:53,60.7167,-46.0333,47.35,93,100,1.23,light rain
639,Kushmurun,KZ,2022-09-03 20:32:54,52.4503,64.6311,62.53,39,95,13.78,overcast clouds
640,Ishigaki,JP,2022-09-03 20:32:54,24.3448,124.1572,80.73,100,100,35.68,heavy intensity rain
641,Arman,RU,2022-09-03 20:32:14,59.7,150.1667,43.02,74,72,7.45,broken clouds
642,Carauari,BR,2022-09-03 20:32:54,-4.8828,-66.8958,84.42,56,94,2.73,overcast clouds
643,Vila Velha,BR,2022-09-03 20:32:55,-20.3297,-40.2925,76.95,80,0,17.27,clear sky
644,Dhidhdhoo,MV,2022-09-03 20:32:55,6.8833,73.1,80.06,83,100,19.15,overcast clouds
645,Coihaique,CL,2022-09-03 20:30:02,-45.5752,-72.0662,56.01,62,75,4.61,broken clouds
646,Robertsport,LR,2022-09-03 20:33:56,6.7533,-11.3686,77.74,84,100,6.91,overcast clouds
647,Nemuro,JP,2022-09-03 20:33:56,43.3236,145.575,63.72,78,100,3.4,overcast clouds
648,Minggang,CN,2022-09-03 20:33:56,32.4586,114.0486,70.03,75,86,6.26,overcast clouds
649,Berga,NO,2022-09-03 20:33:57,60.392,5.328,58.87,87,0,4.61,clear sky
650,Tanabe,JP,2022-09-03 20:33:57,33.7333,135.3667,74.82,86,59,4.79,broken clouds
651,Linxia,CN,2022-09-03 20:33:58,35.6003,103.2064,50.9,62,100,4.25,overcast clouds
652,Toowoomba,AU,2022-09-03 20:33:58,-27.55,151.9667,46.26,88,60,1.01,broken clouds
653,Puerto Ayacucho,VE,2022-09-03 20:33:58,5.6639,-67.6236,81.54,78,91,6.51,overcast clouds
654,Okha,RU,2022-09-03 20:32:08,53.5739,142.9478,53.19,79,40,7.09,scattered clouds
655,Porto Novo,BJ,2022-09-03 20:33:59,6.4965,2.6036,78.62,87,100,6.24,overcast clouds
656,Cuenca,EC,2022-09-03 20:33:59,-2.8833,-78.9833,64.53,55,75,9.22,broken clouds
657,Mattru,SL,2022-09-03 20:34:00,7.6244,-11.8332,73.02,95,52,2.93,broken clouds
658,Manbij,SY,2022-09-03 20:34:00,36.5281,37.9549,86.36,37,6,9.95,clear sky
659,Raga,SS,2022-09-03 20:34:00,8.4596,25.678,69.46,98,100,2.39,moderate rain
660,Clinton,US,2022-09-03 20:33:13,42.587,-82.9199,91.99,64,40,11.5,scattered clouds
661,Rio Verde De Mato Grosso,BR,2022-09-03 20:34:01,-18.9181,-54.8442,85.01,44,24,12.77,few clouds
662,Nanakuli,US,2022-09-03 20:34:01,21.3906,-158.1547,82.11,76,100,8.05,light rain
663,Nizip,TR,2022-09-03 20:34:02,37.0097,37.7942,82.53,30,1,6.71,clear sky
664,Teruel,ES,2022-09-03 20:34:02,40.6667,-0.6667,63.5,37,0,7.18,clear sky
665,Mirador,BR,2022-09-03 20:34:02,-6.3708,-44.3631,88.27,28,13,4.56,few clouds
666,Gorom-Gorom,BF,2022-09-03 20:34:03,14.4439,-0.2361,86.72,50,81,6.22,broken clouds
667,Doha,QA,2022-09-03 20:34:03,25.2867,51.5333,91.38,75,0,4.61,haze
668,Pasir Gudang,MY,2022-09-03 20:34:04,1.4584,103.8805,79.0,88,75,2.3,broken clouds
669,Yining,CN,2022-09-03 20:34:04,29.0361,114.5636,65.91,68,100,1.01,overcast clouds
670,Achkhoy-Martan,RU,2022-09-03 20:34:04,43.19,45.28,75.96,36,3,4.92,clear sky
671,Strezhevoy,RU,2022-09-03 20:32:07,60.7333,77.5889,53.67,90,100,6.17,overcast clouds
672,Slave Lake,CA,2022-09-03 20:30:16,55.2834,-114.769,80.58,54,0,6.91,clear sky
673,Henties Bay,NA,2022-09-03 20:34:05,-22.116,14.2845,54.55,88,0,4.56,clear sky
674,El Monte,US,2022-09-03 20:33:01,34.0686,-118.0276,110.61,35,0,8.05,clear sky
675,Bontang,ID,2022-09-03 20:34:06,0.1333,117.5,77.0,90,94,3.87,overcast clouds
676,Charters Towers,AU,2022-09-03 20:34:06,-20.1,146.2667,53.06,68,3,10.8,clear sky
677,Maldonado,UY,2022-09-03 20:34:07,-34.6667,-54.9167,54.79,69,0,3.98,clear sky
678,Inverell,AU,2022-09-03 20:34:07,-29.7833,151.1167,52.66,74,90,10.0,overcast clouds
679,Dwarka,IN,2022-09-03 20:34:07,22.2394,68.9678,81.37,79,62,14.56,broken clouds
680,Urucara,BR,2022-09-03 20:34:08,-2.5364,-57.76,95.58,34,49,3.8,scattered clouds
681,Punalur,IN,2022-09-03 20:34:08,9.0,76.9333,74.43,98,99,0.2,overcast clouds
682,Malakal,SS,2022-09-03 20:30:08,9.5334,31.6605,70.2,98,100,3.85,overcast clouds
683,Port Shepstone,ZA,2022-09-03 20:34:09,-30.7414,30.455,66.27,83,100,7.74,overcast clouds
684,Shimoda,JP,2022-09-03 20:34:09,34.6667,138.95,76.96,89,97,8.46,overcast clouds
685,Tukrah,LY,2022-09-03 20:34:09,32.5341,20.5791,79.14,69,0,12.15,clear sky
686,Kosh-Agach,RU,2022-09-03 20:34:10,50.0,88.6667,44.98,70,80,2.53,broken clouds
687,Lufilufi,WS,2022-09-03 20:34:10,-13.8745,-171.5986,82.18,75,65,13.06,light rain
688,Pathalgaon,IN,2022-09-03 20:34:11,22.5667,83.4667,75.33,89,100,2.3,overcast clouds
689,Kirensk,RU,2022-09-03 20:33:12,57.7853,108.1119,41.74,91,100,5.01,overcast clouds
690,Belaya Gora,RU,2022-09-03 20:34:11,68.5333,146.4167,34.47,84,99,5.39,overcast clouds
